feature,ks_statistic,p_value
temperature,0.0577061310782241,0.7097683337110233
humidity,0.08408033826638478,0.25540082178673806
altitude,0.05226215644820296,0.8127934741591206
battery_level,0.030147991543340382,0.9990202824152571
gps_accuracy,0.033731501057082454,0.995123308864855
